fixture,p_panel,classical_pools_shared_across_p,prefix,analytical_p_at_least_one_opt_uniform,p_opt_uniform_single_draw,uniform_opt_hit,uniform_contains_opt,k3_opt_hit,hardware_opt_hit,hardware_n_blocks,exact_enumeration_opt_hit,greedy_selected_utility,exact_optimum,sample_origin,analysis_type
D1,1,True,1,0.015625,0.015625,"{""mean"": 0.03125, ""n"": 32, ""stdev"": 0.17399263633843817}","{""mean"": 0.03125, ""n"": 32, ""stdev"": 0.17399263633843817}","{""mean"": 0.09375, ""n"": 32, ""stdev"": 0.2914805954090255}","{""mean"": 0.3333333333333333, ""n"": 6, ""stdev"": 0.4714045207910317}",6,0.015625,23.0,23.0,post_collection_classical_controls,post_collection_classical_controls
D1,2,True,1,0.015625,0.015625,"{""mean"": 0.03125, ""n"": 32, ""stdev"": 0.17399263633843817}","{""mean"": 0.03125, ""n"": 32, ""stdev"": 0.17399263633843817}","{""mean"": 0.09375, ""n"": 32, ""stdev"": 0.2914805954090255}","{""mean"": 0.0, ""n"": 6, ""stdev"": 0.0}",6,0.015625,23.0,23.0,post_collection_classical_controls,post_collection_classical_controls
D1,1,True,4,0.061050355434417725,0.015625,"{""mean"": 0.03125, ""n"": 32, ""stdev"": 0.08267972847076846}","{""mean"": 0.125, ""n"": 32, ""stdev"": 0.33071891388307384}","{""mean"": 0.0546875, ""n"": 32, ""stdev"": 0.12077831901359615}","{""mean"": 0.08333333333333333, ""n"": 6, ""stdev"": 0.11785113019775792}",6,0.015625,23.0,23.0,post_collection_classical_controls,post_collection_classical_controls
D1,2,True,4,0.061050355434417725,0.015625,"{""mean"": 0.03125, ""n"": 32, ""stdev"": 0.08267972847076846}","{""mean"": 0.125, ""n"": 32, ""stdev"": 0.33071891388307384}","{""mean"": 0.0546875, ""n"": 32, ""stdev"": 0.12077831901359615}","{""mean"": 0.0, ""n"": 6, ""stdev"": 0.0}",6,0.015625,23.0,23.0,post_collection_classical_controls,post_collection_classical_controls
D1,1,True,16,0.22273482905658715,0.015625,"{""mean"": 0.0234375, ""n"": 32, ""stdev"": 0.030257682392245445}","{""mean"": 0.375, ""n"": 32, ""stdev"": 0.4841229182759271}","{""mean"": 0.0390625, ""n"": 32, ""stdev"": 0.04621937330546575}","{""mean"": 0.03125, ""n"": 6, ""stdev"": 0.03125}",6,0.015625,23.0,23.0,post_collection_classical_controls,post_collection_classical_controls
D1,2,True,16,0.22273482905658715,0.015625,"{""mean"": 0.0234375, ""n"": 32, ""stdev"": 0.030257682392245445}","{""mean"": 0.375, ""n"": 32, ""stdev"": 0.4841229182759271}","{""mean"": 0.0390625, ""n"": 32, ""stdev"": 0.04621937330546575}","{""mean"": 0.03125, ""n"": 6, ""stdev"": 0.03125}",6,0.015625,23.0,23.0,post_collection_classical_controls,post_collection_classical_controls
D1,1,True,64,0.6350134757560926,0.015625,"{""mean"": 0.0166015625, ""n"": 32, ""stdev"": 0.014050287665955234}","{""mean"": 0.65625, ""n"": 32, ""stdev"": 0.47495887979908324}","{""mean"": 0.0498046875, ""n"": 32, ""stdev"": 0.026330993677173366}","{""mean"": 0.036458333333333336, ""n"": 6, ""stdev"": 0.017274087449767706}",6,0.015625,23.0,23.0,post_collection_classical_controls,post_collection_classical_controls
D1,2,True,64,0.6350134757560926,0.015625,"{""mean"": 0.0166015625, ""n"": 32, ""stdev"": 0.014050287665955234}","{""mean"": 0.65625, ""n"": 32, ""stdev"": 0.47495887979908324}","{""mean"": 0.0498046875, ""n"": 32, ""stdev"": 0.026330993677173366}","{""mean"": 0.0390625, ""n"": 6, ""stdev"": 0.017469281074217108}",6,0.015625,23.0,23.0,post_collection_classical_controls,post_collection_classical_controls
D1,1,True,256,0.9822537203789488,0.015625,"{""mean"": 0.015380859375, ""n"": 32, ""stdev"": 0.006901022473194614}","{""mean"": 0.96875, ""n"": 32, ""stdev"": 0.17399263633843817}","{""mean"": 0.04931640625, ""n"": 32, ""stdev"": 0.011708573054962694}","{""mean"": 0.021484375, ""n"": 6, ""stdev"": 0.004915256793796061}",6,0.015625,23.0,23.0,post_collection_classical_controls,post_collection_classical_controls
D1,2,True,256,0.9822537203789488,0.015625,"{""mean"": 0.015380859375, ""n"": 32, ""stdev"": 0.006901022473194614}","{""mean"": 0.96875, ""n"": 32, ""stdev"": 0.17399263633843817}","{""mean"": 0.04931640625, ""n"": 32, ""stdev"": 0.011708573054962694}","{""mean"": 0.040364583333333336, ""n"": 6, ""stdev"": 0.010252614419286212}",6,0.015625,23.0,23.0,post_collection_classical_controls,post_collection_classical_controls
D1,1,True,1024,0.9999999008188177,0.015625,"{""mean"": 0.014923095703125, ""n"": 32, ""stdev"": 0.0033317313467387927}","{""mean"": 1.0, ""n"": 32, ""stdev"": 0.0}","{""mean"": 0.047943115234375, ""n"": 32, ""stdev"": 0.007934981115417267}","{""mean"": 0.020345052083333332, ""n"": 6, ""stdev"": 0.0037996801855236825}",6,0.015625,23.0,23.0,post_collection_classical_controls,post_collection_classical_controls
D1,2,True,1024,0.9999999008188177,0.015625,"{""mean"": 0.014923095703125, ""n"": 32, ""stdev"": 0.0033317313467387927}","{""mean"": 1.0, ""n"": 32, ""stdev"": 0.0}","{""mean"": 0.047943115234375, ""n"": 32, ""stdev"": 0.007934981115417267}","{""mean"": 0.037109375, ""n"": 6, ""stdev"": 0.007264294793105924}",6,0.015625,23.0,23.0,post_collection_classical_controls,post_collection_classical_controls
D2,1,True,1,0.03125,0.03125,"{""mean"": 0.03125, ""n"": 32, ""stdev"": 0.17399263633843817}","{""mean"": 0.03125, ""n"": 32, ""stdev"": 0.17399263633843817}","{""mean"": 0.0, ""n"": 32, ""stdev"": 0.0}","{""mean"": 0.0, ""n"": 6, ""stdev"": 0.0}",6,0.03125,23.0,23.0,post_collection_classical_controls,post_collection_classical_controls
D2,2,True,1,0.03125,0.03125,"{""mean"": 0.03125, ""n"": 32, ""stdev"": 0.17399263633843817}","{""mean"": 0.03125, ""n"": 32, ""stdev"": 0.17399263633843817}","{""mean"": 0.0, ""n"": 32, ""stdev"": 0.0}","{""mean"": 0.16666666666666666, ""n"": 6, ""stdev"": 0.37267799624996495}",6,0.03125,23.0,23.0,post_collection_classical_controls,post_collection_classical_controls
D2,1,True,4,0.1192617416381836,0.03125,"{""mean"": 0.015625, ""n"": 32, ""stdev"": 0.06051536478449089}","{""mean"": 0.0625, ""n"": 32, ""stdev"": 0.24206145913796356}","{""mean"": 0.078125, ""n"": 32, ""stdev"": 0.14574029770451274}","{""mean"": 0.0, ""n"": 6, ""stdev"": 0.0}",6,0.03125,23.0,23.0,post_collection_classical_controls,post_collection_classical_controls
D2,2,True,4,0.1192617416381836,0.03125,"{""mean"": 0.015625, ""n"": 32, ""stdev"": 0.06051536478449089}","{""mean"": 0.0625, ""n"": 32, ""stdev"": 0.24206145913796356}","{""mean"": 0.078125, ""n"": 32, ""stdev"": 0.14574029770451274}","{""mean"": 0.041666666666666664, ""n"": 6, ""stdev"": 0.09316949906249124}",6,0.03125,23.0,23.0,post_collection_classical_controls,post_collection_classical_controls
D2,1,True,16,0.3982896965679277,0.03125,"{""mean"": 0.03125, ""n"": 32, ""stdev"": 0.04133986423538423}","{""mean"": 0.4375, ""n"": 32, ""stdev"": 0.49607837082461076}","{""mean"": 0.103515625, ""n"": 32, ""stdev"": 0.07907141593748891}","{""mean"": 0.0625, ""n"": 6, ""stdev"": 0.05103103630798288}",6,0.03125,23.0,23.0,post_collection_classical_controls,post_collection_classical_controls
D2,2,True,16,0.3982896965679277,0.03125,"{""mean"": 0.03125, ""n"": 32, ""stdev"": 0.04133986423538423}","{""mean"": 0.4375, ""n"": 32, ""stdev"": 0.49607837082461076}","{""mean"": 0.103515625, ""n"": 32, ""stdev"": 0.07907141593748891}","{""mean"": 0.10416666666666667, ""n"": 6, ""stdev"": 0.07795119555779044}",6,0.03125,23.0,23.0,post_collection_classical_controls,post_collection_classical_controls
D2,1,True,64,0.868915967521525,0.03125,"{""mean"": 0.03369140625, ""n"": 32, ""stdev"": 0.019959895933564155}","{""mean"": 0.96875, ""n"": 32, ""stdev"": 0.17399263633843817}","{""mean"": 0.1015625, ""n"": 32, ""stdev"": 0.03964410767614148}","{""mean"": 0.052083333333333336, ""n"": 6, ""stdev"": 0.017274087449767706}",6,0.03125,23.0,23.0,post_collection_classical_controls,post_collection_classical_controls
D2,2,True,64,0.868915967521525,0.03125,"{""mean"": 0.03369140625, ""n"": 32, ""stdev"": 0.019959895933564155}","{""mean"": 0.96875, ""n"": 32, ""stdev"": 0.17399263633843817}","{""mean"": 0.1015625, ""n"": 32, ""stdev"": 0.03964410767614148}","{""mean"": 0.09895833333333333, ""n"": 6, ""stdev"": 0.056816208930394345}",6,0.03125,23.0,23.0,post_collection_classical_controls,post_collection_classical_controls
D2,1,True,256,0.9997047437009647,0.03125,"{""mean"": 0.0306396484375, ""n"": 32, ""stdev"": 0.010153872871975103}","{""mean"": 1.0, ""n"": 32, ""stdev"": 0.0}","{""mean"": 0.1036376953125, ""n"": 32, ""stdev"": 0.024374663032745703}","{""mean"": 0.054036458333333336, ""n"": 6, ""stdev"": 0.010436991889245701}",6,0.03125,23.0,23.0,post_collection_classical_controls,post_collection_classical_controls
D2,2,True,256,0.9997047437009647,0.03125,"{""mean"": 0.0306396484375, ""n"": 32, ""stdev"": 0.010153872871975103}","{""mean"": 1.0, ""n"": 32, ""stdev"": 0.0}","{""mean"": 0.1036376953125, ""n"": 32, ""stdev"": 0.024374663032745703}","{""mean"": 0.08919270833333333, ""n"": 6, ""stdev"": 0.021086112943621935}",6,0.03125,23.0,23.0,post_collection_classical_controls,post_collection_classical_controls
D2,1,True,1024,0.9999999999999925,0.03125,"{""mean"": 0.031890869140625, ""n"": 32, ""stdev"": 0.006317580940134153}","{""mean"": 1.0, ""n"": 32, ""stdev"": 0.0}","{""mean"": 0.102020263671875, ""n"": 32, ""stdev"": 0.00977472834673049}","{""mean"": 0.0517578125, ""n"": 6, ""stdev"": 0.007606329066111929}",6,0.03125,23.0,23.0,post_collection_classical_controls,post_collection_classical_controls
D2,2,True,1024,0.9999999999999925,0.03125,"{""mean"": 0.031890869140625, ""n"": 32, ""stdev"": 0.006317580940134153}","{""mean"": 1.0, ""n"": 32, ""stdev"": 0.0}","{""mean"": 0.102020263671875, ""n"": 32, ""stdev"": 0.00977472834673049}","{""mean"": 0.09342447916666667, ""n"": 6, ""stdev"": 0.011229289264752826}",6,0.03125,23.0,23.0,post_collection_classical_controls,post_collection_classical_controls
D3,1,True,1,0.015625,0.015625,"{""mean"": 0.0, ""n"": 32, ""stdev"": 0.0}","{""mean"": 0.0, ""n"": 32, ""stdev"": 0.0}","{""mean"": 0.03125, ""n"": 32, ""stdev"": 0.17399263633843817}","{""mean"": 0.0, ""n"": 6, ""stdev"": 0.0}",6,0.015625,21.0,23.0,post_collection_classical_controls,post_collection_classical_controls
D3,2,True,1,0.015625,0.015625,"{""mean"": 0.0, ""n"": 32, ""stdev"": 0.0}","{""mean"": 0.0, ""n"": 32, ""stdev"": 0.0}","{""mean"": 0.03125, ""n"": 32, ""stdev"": 0.17399263633843817}","{""mean"": 0.16666666666666666, ""n"": 6, ""stdev"": 0.37267799624996495}",6,0.015625,21.0,23.0,post_collection_classical_controls,post_collection_classical_controls
D3,1,True,4,0.061050355434417725,0.015625,"{""mean"": 0.0078125, ""n"": 32, ""stdev"": 0.04349815908460954}","{""mean"": 0.03125, ""n"": 32, ""stdev"": 0.17399263633843817}","{""mean"": 0.0546875, ""n"": 32, ""stdev"": 0.12077831901359615}","{""mean"": 0.0, ""n"": 6, ""stdev"": 0.0}",6,0.015625,21.0,23.0,post_collection_classical_controls,post_collection_classical_controls
D3,2,True,4,0.061050355434417725,0.015625,"{""mean"": 0.0078125, ""n"": 32, ""stdev"": 0.04349815908460954}","{""mean"": 0.03125, ""n"": 32, ""stdev"": 0.17399263633843817}","{""mean"": 0.0546875, ""n"": 32, ""stdev"": 0.12077831901359615}","{""mean"": 0.041666666666666664, ""n"": 6, ""stdev"": 0.09316949906249124}",6,0.015625,21.0,23.0,post_collection_classical_controls,post_collection_classical_controls
D3,1,True,16,0.22273482905658715,0.015625,"{""mean"": 0.013671875, ""n"": 32, ""stdev"": 0.030194579753399037}","{""mean"": 0.1875, ""n"": 32, ""stdev"": 0.3903123748998999}","{""mean"": 0.046875, ""n"": 32, ""stdev"": 0.05846339666834283}","{""mean"": 0.0, ""n"": 6, ""stdev"": 0.0}",6,0.015625,21.0,23.0,post_collection_classical_controls,post_collection_classical_controls
D3,2,True,16,0.22273482905658715,0.015625,"{""mean"": 0.013671875, ""n"": 32, ""stdev"": 0.030194579753399037}","{""mean"": 0.1875, ""n"": 32, ""stdev"": 0.3903123748998999}","{""mean"": 0.046875, ""n"": 32, ""stdev"": 0.05846339666834283}","{""mean"": 0.010416666666666666, ""n"": 6, ""stdev"": 0.02329237476562281}",6,0.015625,21.0,23.0,post_collection_classical_controls,post_collection_classical_controls
D3,1,True,64,0.6350134757560926,0.015625,"{""mean"": 0.0166015625, ""n"": 32, ""stdev"": 0.015594452561202453}","{""mean"": 0.6875, ""n"": 32, ""stdev"": 0.46351240544347894}","{""mean"": 0.0556640625, ""n"": 32, ""stdev"": 0.029988579165593922}","{""mean"": 0.020833333333333332, ""n"": 6, ""stdev"": 0.011646187382811405}",6,0.015625,21.0,23.0,post_collection_classical_controls,post_collection_classical_controls
D3,2,True,64,0.6350134757560926,0.015625,"{""mean"": 0.0166015625, ""n"": 32, ""stdev"": 0.015594452561202453}","{""mean"": 0.6875, ""n"": 32, ""stdev"": 0.46351240544347894}","{""mean"": 0.0556640625, ""n"": 32, ""stdev"": 0.029988579165593922}","{""mean"": 0.0078125, ""n"": 6, ""stdev"": 0.0078125}",6,0.015625,21.0,23.0,post_collection_classical_controls,post_collection_classical_controls
D3,1,True,256,0.9822537203789488,0.015625,"{""mean"": 0.0159912109375, ""n"": 32, ""stdev"": 0.007200079151884095}","{""mean"": 1.0, ""n"": 32, ""stdev"": 0.0}","{""mean"": 0.054443359375, ""n"": 32, ""stdev"": 0.015000251132134408}","{""mean"": 0.032552083333333336, ""n"": 6, ""stdev"": 0.00736569563735987}",6,0.015625,21.0,23.0,post_collection_classical_controls,post_collection_classical_controls
D3,2,True,256,0.9822537203789488,0.015625,"{""mean"": 0.0159912109375, ""n"": 32, ""stdev"": 0.007200079151884095}","{""mean"": 1.0, ""n"": 32, ""stdev"": 0.0}","{""mean"": 0.054443359375, ""n"": 32, ""stdev"": 0.015000251132134408}","{""mean"": 0.011067708333333334, ""n"": 6, ""stdev"": 0.006141914799516018}",6,0.015625,21.0,23.0,post_collection_classical_controls,post_collection_classical_controls
D3,1,True,1024,0.9999999008188177,0.015625,"{""mean"": 0.015167236328125, ""n"": 32, ""stdev"": 0.0037504352873256688}","{""mean"": 1.0, ""n"": 32, ""stdev"": 0.0}","{""mean"": 0.0491943359375, ""n"": 32, ""stdev"": 0.00673381270253921}","{""mean"": 0.033203125, ""n"": 6, ""stdev"": 0.007154056307238252}",6,0.015625,21.0,23.0,post_collection_classical_controls,post_collection_classical_controls
D3,2,True,1024,0.9999999008188177,0.015625,"{""mean"": 0.015167236328125, ""n"": 32, ""stdev"": 0.0037504352873256688}","{""mean"": 1.0, ""n"": 32, ""stdev"": 0.0}","{""mean"": 0.0491943359375, ""n"": 32, ""stdev"": 0.00673381270253921}","{""mean"": 0.014811197916666666, ""n"": 6, ""stdev"": 0.003355391947931039}",6,0.015625,21.0,23.0,post_collection_classical_controls,post_collection_classical_controls
D4,1,True,1,0.015625,0.015625,"{""mean"": 0.0, ""n"": 32, ""stdev"": 0.0}","{""mean"": 0.0, ""n"": 32, ""stdev"": 0.0}","{""mean"": 0.03125, ""n"": 32, ""stdev"": 0.17399263633843817}","{""mean"": 0.0, ""n"": 6, ""stdev"": 0.0}",6,0.015625,24.0,24.0,post_collection_classical_controls,post_collection_classical_controls
D4,2,True,1,0.015625,0.015625,"{""mean"": 0.0, ""n"": 32, ""stdev"": 0.0}","{""mean"": 0.0, ""n"": 32, ""stdev"": 0.0}","{""mean"": 0.03125, ""n"": 32, ""stdev"": 0.17399263633843817}","{""mean"": 0.0, ""n"": 6, ""stdev"": 0.0}",6,0.015625,24.0,24.0,post_collection_classical_controls,post_collection_classical_controls
D4,1,True,4,0.061050355434417725,0.015625,"{""mean"": 0.015625, ""n"": 32, ""stdev"": 0.06051536478449089}","{""mean"": 0.0625, ""n"": 32, ""stdev"": 0.24206145913796356}","{""mean"": 0.03125, ""n"": 32, ""stdev"": 0.10364452469860624}","{""mean"": 0.0, ""n"": 6, ""stdev"": 0.0}",6,0.015625,24.0,24.0,post_collection_classical_controls,post_collection_classical_controls
D4,2,True,4,0.061050355434417725,0.015625,"{""mean"": 0.015625, ""n"": 32, ""stdev"": 0.06051536478449089}","{""mean"": 0.0625, ""n"": 32, ""stdev"": 0.24206145913796356}","{""mean"": 0.03125, ""n"": 32, ""stdev"": 0.10364452469860624}","{""mean"": 0.0, ""n"": 6, ""stdev"": 0.0}",6,0.015625,24.0,24.0,post_collection_classical_controls,post_collection_classical_controls
D4,1,True,16,0.22273482905658715,0.015625,"{""mean"": 0.015625, ""n"": 32, ""stdev"": 0.03125}","{""mean"": 0.21875, ""n"": 32, ""stdev"": 0.41339864235384227}","{""mean"": 0.056640625, ""n"": 32, ""stdev"": 0.054931098087598565}","{""mean"": 0.0, ""n"": 6, ""stdev"": 0.0}",6,0.015625,24.0,24.0,post_collection_classical_controls,post_collection_classical_controls
D4,2,True,16,0.22273482905658715,0.015625,"{""mean"": 0.015625, ""n"": 32, ""stdev"": 0.03125}","{""mean"": 0.21875, ""n"": 32, ""stdev"": 0.41339864235384227}","{""mean"": 0.056640625, ""n"": 32, ""stdev"": 0.054931098087598565}","{""mean"": 0.0, ""n"": 6, ""stdev"": 0.0}",6,0.015625,24.0,24.0,post_collection_classical_controls,post_collection_classical_controls
D4,1,True,64,0.6350134757560926,0.015625,"{""mean"": 0.015625, ""n"": 32, ""stdev"": 0.015128841196122723}","{""mean"": 0.625, ""n"": 32, ""stdev"": 0.4841229182759271}","{""mean"": 0.05517578125, ""n"": 32, ""stdev"": 0.02531068395057507}","{""mean"": 0.020833333333333332, ""n"": 6, ""stdev"": 0.01473139127471974}",6,0.015625,24.0,24.0,post_collection_classical_controls,post_collection_classical_controls
D4,2,True,64,0.6350134757560926,0.015625,"{""mean"": 0.015625, ""n"": 32, ""stdev"": 0.015128841196122723}","{""mean"": 0.625, ""n"": 32, ""stdev"": 0.4841229182759271}","{""mean"": 0.05517578125, ""n"": 32, ""stdev"": 0.02531068395057507}","{""mean"": 0.005208333333333333, ""n"": 6, ""stdev"": 0.00736569563735987}",6,0.015625,24.0,24.0,post_collection_classical_controls,post_collection_classical_controls
D4,1,True,256,0.9822537203789488,0.015625,"{""mean"": 0.0147705078125, ""n"": 32, ""stdev"": 0.0069558658983927615}","{""mean"": 0.96875, ""n"": 32, ""stdev"": 0.17399263633843817}","{""mean"": 0.0501708984375, ""n"": 32, ""stdev"": 0.014781600947982197}","{""mean"": 0.024088541666666668, ""n"": 6, ""stdev"": 0.00826079266956349}",6,0.015625,24.0,24.0,post_collection_classical_controls,post_collection_classical_controls
D4,2,True,256,0.9822537203789488,0.015625,"{""mean"": 0.0147705078125, ""n"": 32, ""stdev"": 0.0069558658983927615}","{""mean"": 0.96875, ""n"": 32, ""stdev"": 0.17399263633843817}","{""mean"": 0.0501708984375, ""n"": 32, ""stdev"": 0.014781600947982197}","{""mean"": 0.005859375, ""n"": 6, ""stdev"": 0.005407958244087289}",6,0.015625,24.0,24.0,post_collection_classical_controls,post_collection_classical_controls
D4,1,True,1024,0.9999999008188177,0.015625,"{""mean"": 0.01531982421875, ""n"": 32, ""stdev"": 0.003746087099135047}","{""mean"": 1.0, ""n"": 32, ""stdev"": 0.0}","{""mean"": 0.0498046875, ""n"": 32, ""stdev"": 0.006069239694656276}","{""mean"": 0.024576822916666668, ""n"": 6, ""stdev"": 0.00502452768243266}",6,0.015625,24.0,24.0,post_collection_classical_controls,post_collection_classical_controls
D4,2,True,1024,0.9999999008188177,0.015625,"{""mean"": 0.01531982421875, ""n"": 32, ""stdev"": 0.003746087099135047}","{""mean"": 1.0, ""n"": 32, ""stdev"": 0.0}","{""mean"": 0.0498046875, ""n"": 32, ""stdev"": 0.006069239694656276}","{""mean"": 0.0087890625, ""n"": 6, ""stdev"": 0.006905339660024878}",6,0.015625,24.0,24.0,post_collection_classical_controls,post_collection_classical_controls
D5,1,True,1,0.015625,0.015625,"{""mean"": 0.03125, ""n"": 32, ""stdev"": 0.17399263633843817}","{""mean"": 0.03125, ""n"": 32, ""stdev"": 0.17399263633843817}","{""mean"": 0.03125, ""n"": 32, ""stdev"": 0.17399263633843817}","{""mean"": 0.0, ""n"": 6, ""stdev"": 0.0}",6,0.015625,22.0,23.0,post_collection_classical_controls,post_collection_classical_controls
D5,2,True,1,0.015625,0.015625,"{""mean"": 0.03125, ""n"": 32, ""stdev"": 0.17399263633843817}","{""mean"": 0.03125, ""n"": 32, ""stdev"": 0.17399263633843817}","{""mean"": 0.03125, ""n"": 32, ""stdev"": 0.17399263633843817}","{""mean"": 0.16666666666666666, ""n"": 6, ""stdev"": 0.37267799624996495}",6,0.015625,22.0,23.0,post_collection_classical_controls,post_collection_classical_controls
D5,1,True,4,0.061050355434417725,0.015625,"{""mean"": 0.015625, ""n"": 32, ""stdev"": 0.06051536478449089}","{""mean"": 0.0625, ""n"": 32, ""stdev"": 0.24206145913796356}","{""mean"": 0.0234375, ""n"": 32, ""stdev"": 0.07287014885225637}","{""mean"": 0.0, ""n"": 6, ""stdev"": 0.0}",6,0.015625,22.0,23.0,post_collection_classical_controls,post_collection_classical_controls
D5,2,True,4,0.061050355434417725,0.015625,"{""mean"": 0.015625, ""n"": 32, ""stdev"": 0.06051536478449089}","{""mean"": 0.0625, ""n"": 32, ""stdev"": 0.24206145913796356}","{""mean"": 0.0234375, ""n"": 32, ""stdev"": 0.07287014885225637}","{""mean"": 0.08333333333333333, ""n"": 6, ""stdev"": 0.11785113019775792}",6,0.015625,22.0,23.0,post_collection_classical_controls,post_collection_classical_controls
D5,1,True,16,0.22273482905658715,0.015625,"{""mean"": 0.017578125, ""n"": 32, ""stdev"": 0.028100575331910467}","{""mean"": 0.28125, ""n"": 32, ""stdev"": 0.4496092053105675}","{""mean"": 0.0390625, ""n"": 32, ""stdev"": 0.04621937330546575}","{""mean"": 0.03125, ""n"": 6, ""stdev"": 0.03125}",6,0.015625,22.0,23.0,post_collection_classical_controls,post_collection_classical_controls
D5,2,True,16,0.22273482905658715,0.015625,"{""mean"": 0.017578125, ""n"": 32, ""stdev"": 0.028100575331910467}","{""mean"": 0.28125, ""n"": 32, ""stdev"": 0.4496092053105675}","{""mean"": 0.0390625, ""n"": 32, ""stdev"": 0.04621937330546575}","{""mean"": 0.09375, ""n"": 6, ""stdev"": 0.06987712429686843}",6,0.015625,22.0,23.0,post_collection_classical_controls,post_collection_classical_controls
D5,1,True,64,0.6350134757560926,0.015625,"{""mean"": 0.01318359375, ""n"": 32, ""stdev"": 0.010415395023291769}","{""mean"": 0.6875, ""n"": 32, ""stdev"": 0.46351240544347894}","{""mean"": 0.05078125, ""n"": 32, ""stdev"": 0.02561499423555469}","{""mean"": 0.0234375, ""n"": 6, ""stdev"": 0.014959798558692783}",6,0.015625,22.0,23.0,post_collection_classical_controls,post_collection_classical_controls
D5,2,True,64,0.6350134757560926,0.015625,"{""mean"": 0.01318359375, ""n"": 32, ""stdev"": 0.010415395023291769}","{""mean"": 0.6875, ""n"": 32, ""stdev"": 0.46351240544347894}","{""mean"": 0.05078125, ""n"": 32, ""stdev"": 0.02561499423555469}","{""mean"": 0.06510416666666667, ""n"": 6, ""stdev"": 0.02456765919806407}",6,0.015625,22.0,23.0,post_collection_classical_controls,post_collection_classical_controls
D5,1,True,256,0.9822537203789488,0.015625,"{""mean"": 0.01708984375, ""n"": 32, ""stdev"": 0.009404961076297961}","{""mean"": 0.9375, ""n"": 32, ""stdev"": 0.24206145913796356}","{""mean"": 0.048583984375, ""n"": 32, ""stdev"": 0.010915570754935624}","{""mean"": 0.029947916666666668, ""n"": 6, ""stdev"": 0.00736569563735987}",6,0.015625,22.0,23.0,post_collection_classical_controls,post_collection_classical_controls
D5,2,True,256,0.9822537203789488,0.015625,"{""mean"": 0.01708984375, ""n"": 32, ""stdev"": 0.009404961076297961}","{""mean"": 0.9375, ""n"": 32, ""stdev"": 0.24206145913796356}","{""mean"": 0.048583984375, ""n"": 32, ""stdev"": 0.010915570754935624}","{""mean"": 0.05078125, ""n"": 6, ""stdev"": 0.013718299157360336}",6,0.015625,22.0,23.0,post_collection_classical_controls,post_collection_classical_controls
D5,1,True,1024,0.9999999008188177,0.015625,"{""mean"": 0.0147705078125, ""n"": 32, ""stdev"": 0.003254954010247408}","{""mean"": 1.0, ""n"": 32, ""stdev"": 0.0}","{""mean"": 0.0484619140625, ""n"": 32, ""stdev"": 0.008037196885440197}","{""mean"": 0.028645833333333332, ""n"": 6, ""stdev"": 0.008673771220360825}",6,0.015625,22.0,23.0,post_collection_classical_controls,post_collection_classical_controls
D5,2,True,1024,0.9999999008188177,0.015625,"{""mean"": 0.0147705078125, ""n"": 32, ""stdev"": 0.003254954010247408}","{""mean"": 1.0, ""n"": 32, ""stdev"": 0.0}","{""mean"": 0.0484619140625, ""n"": 32, ""stdev"": 0.008037196885440197}","{""mean"": 0.05517578125, ""n"": 6, ""stdev"": 0.007787027157490681}",6,0.015625,22.0,23.0,post_collection_classical_controls,post_collection_classical_controls
D6,1,True,1,0.03125,0.03125,"{""mean"": 0.0625, ""n"": 32, ""stdev"": 0.24206145913796356}","{""mean"": 0.0625, ""n"": 32, ""stdev"": 0.24206145913796356}","{""mean"": 0.03125, ""n"": 32, ""stdev"": 0.17399263633843817}","{""mean"": 0.0, ""n"": 6, ""stdev"": 0.0}",6,0.03125,22.0,22.0,post_collection_classical_controls,post_collection_classical_controls
D6,2,True,1,0.03125,0.03125,"{""mean"": 0.0625, ""n"": 32, ""stdev"": 0.24206145913796356}","{""mean"": 0.0625, ""n"": 32, ""stdev"": 0.24206145913796356}","{""mean"": 0.03125, ""n"": 32, ""stdev"": 0.17399263633843817}","{""mean"": 0.16666666666666666, ""n"": 6, ""stdev"": 0.37267799624996495}",6,0.03125,22.0,22.0,post_collection_classical_controls,post_collection_classical_controls
D6,1,True,4,0.1192617416381836,0.03125,"{""mean"": 0.046875, ""n"": 32, ""stdev"": 0.11587810136086973}","{""mean"": 0.15625, ""n"": 32, ""stdev"": 0.3630921887069453}","{""mean"": 0.0546875, ""n"": 32, ""stdev"": 0.10334966058846057}","{""mean"": 0.0, ""n"": 6, ""stdev"": 0.0}",6,0.03125,22.0,22.0,post_collection_classical_controls,post_collection_classical_controls
D6,2,True,4,0.1192617416381836,0.03125,"{""mean"": 0.046875, ""n"": 32, ""stdev"": 0.11587810136086973}","{""mean"": 0.15625, ""n"": 32, ""stdev"": 0.3630921887069453}","{""mean"": 0.0546875, ""n"": 32, ""stdev"": 0.10334966058846057}","{""mean"": 0.08333333333333333, ""n"": 6, ""stdev"": 0.11785113019775792}",6,0.03125,22.0,22.0,post_collection_classical_controls,post_collection_classical_controls
D6,1,True,16,0.3982896965679277,0.03125,"{""mean"": 0.03515625, ""n"": 32, ""stdev"": 0.044021201834315016}","{""mean"": 0.4375, ""n"": 32, ""stdev"": 0.49607837082461076}","{""mean"": 0.109375, ""n"": 32, ""stdev"": 0.0625}","{""mean"": 0.052083333333333336, ""n"": 6, ""stdev"": 0.0429490169335173}",6,0.03125,22.0,22.0,post_collection_classical_controls,post_collection_classical_controls
D6,2,True,16,0.3982896965679277,0.03125,"{""mean"": 0.03515625, ""n"": 32, ""stdev"": 0.044021201834315016}","{""mean"": 0.4375, ""n"": 32, ""stdev"": 0.49607837082461076}","{""mean"": 0.109375, ""n"": 32, ""stdev"": 0.0625}","{""mean"": 0.052083333333333336, ""n"": 6, ""stdev"": 0.056095466740984416}",6,0.03125,22.0,22.0,post_collection_classical_controls,post_collection_classical_controls
D6,1,True,64,0.868915967521525,0.03125,"{""mean"": 0.02880859375, ""n"": 32, ""stdev"": 0.0195739279812768}","{""mean"": 0.875, ""n"": 32, ""stdev"": 0.33071891388307384}","{""mean"": 0.09326171875, ""n"": 32, ""stdev"": 0.03185076222128991}","{""mean"": 0.049479166666666664, ""n"": 6, ""stdev"": 0.016674802701648044}",6,0.03125,22.0,22.0,post_collection_classical_controls,post_collection_classical_controls
D6,2,True,64,0.868915967521525,0.03125,"{""mean"": 0.02880859375, ""n"": 32, ""stdev"": 0.0195739279812768}","{""mean"": 0.875, ""n"": 32, ""stdev"": 0.33071891388307384}","{""mean"": 0.09326171875, ""n"": 32, ""stdev"": 0.03185076222128991}","{""mean"": 0.046875, ""n"": 6, ""stdev"": 0.028527216536727403}",6,0.03125,22.0,22.0,post_collection_classical_controls,post_collection_classical_controls
D6,1,True,256,0.9997047437009647,0.03125,"{""mean"": 0.0291748046875, ""n"": 32, ""stdev"": 0.010697009713352426}","{""mean"": 1.0, ""n"": 32, ""stdev"": 0.0}","{""mean"": 0.1005859375, ""n"": 32, ""stdev"": 0.01547165968530748}","{""mean"": 0.059244791666666664, ""n"": 6, ""stdev"": 0.012022256062903247}",6,0.03125,22.0,22.0,post_collection_classical_controls,post_collection_classical_controls
D6,2,True,256,0.9997047437009647,0.03125,"{""mean"": 0.0291748046875, ""n"": 32, ""stdev"": 0.010697009713352426}","{""mean"": 1.0, ""n"": 32, ""stdev"": 0.0}","{""mean"": 0.1005859375, ""n"": 32, ""stdev"": 0.01547165968530748}","{""mean"": 0.0625, ""n"": 6, ""stdev"": 0.016572815184059706}",6,0.03125,22.0,22.0,post_collection_classical_controls,post_collection_classical_controls
D6,1,True,1024,0.9999999999999925,0.03125,"{""mean"": 0.030029296875, ""n"": 32, ""stdev"": 0.005161712527311029}","{""mean"": 1.0, ""n"": 32, ""stdev"": 0.0}","{""mean"": 0.1002197265625, ""n"": 32, ""stdev"": 0.008066806737088272}","{""mean"": 0.060872395833333336, ""n"": 6, ""stdev"": 0.005485774591911692}",6,0.03125,22.0,22.0,post_collection_classical_controls,post_collection_classical_controls
D6,2,True,1024,0.9999999999999925,0.03125,"{""mean"": 0.030029296875, ""n"": 32, ""stdev"": 0.005161712527311029}","{""mean"": 1.0, ""n"": 32, ""stdev"": 0.0}","{""mean"": 0.1002197265625, ""n"": 32, ""stdev"": 0.008066806737088272}","{""mean"": 0.061360677083333336, ""n"": 6, ""stdev"": 0.00536122040755228}",6,0.03125,22.0,22.0,post_collection_classical_controls,post_collection_classical_controls
